{
    "loss": 3.282517433166504,
    "accuracy": 0.6666666865348816
}